Protein ID,Predicted NLS,Start,Stop,The highest score of matches within the prediction
P09211,RLSARPKLK,183,191,0.199
Q9UBE0,EDGPDTKRAKLDSSETTMVKKKV,189,211,0.919
P36915,MPRKKPFSVKQKKKQLQDKRERKRGLQDGLRS,1,32,0.806
P36915,RDSREEVERRKRAAREQVLQP,87,107,0.759
P36915,KRGYKTAKAA,485,494,0.413
P36915,KKSRRRGR,272,279,0.302
O43196,EIDEKKRRLMGLP,402,414,0.844
O43196,SQEHREPKRPE,119,129,0.626
O43196,TEVARKELEN,418,427,0.177
O43196,GPNSSGKSIY,592,601,0.126
Q13501,SDPSKPGGN,291,299,0.45
Q13501,DVEHGGKRSR,258,267,0.335
Q13501,KEKKECRRDHR,100,110,0.207
O15519,KLRQERKRPLLD,430,441,0.625
O15519,RRFDLLKRILKMDRKA,63,78,0.283
O15519,RIDLKTKIQK,161,170,0.256
P31943,DPPRKLMAMQR,196,206,0.646
P31943,NQSSYGGP,404,411,0.274
Q16621,RRRGKNKVAAQNCRKRKLETIVQLER,271,296,0.919
Q9UMY1,RRDKTLLKEKRKRREELFIEQKKRKLLPD,88,116,0.919
Q9UMY1,KKNEDCEKGNDSKKVKV,144,160,0.919
Q9UMY1,KKQNAKRFKRRWMVRKMKTKK,237,258,0.919
Q9UMY1,KKSPGKVK,131,138,0.129
P52701,LNSPVKVARKRKRMVTGNGSLKRKSSRKETPSATK,290,324,0.919
P52701,PKTQGSRRSSRQIKKRR,233,249,0.877
P52701,KQRNRIGCR,957,965,0.823
P52701,KEEKRRDEHRRRPDH,374,388,0.813
P52701,KSTKKGCKR,997,1005,0.359
P52701,KRLLKPYTGSKS,145,156,0.243
P52701,KKK,852,854,0.232
P52701,RSASPPKAK,62,70,0.221
P52701,RCRKMAHISK,495,504,0.208
Q9Y3M2,KELDELRISRKRK,114,126,0.88
Q9Y3M2,KKTPPRKSASL,11,21,0.397
Q9Y3M2,RREVQRLRRR,71,80,0.374
Q9UBT2,,602,633,0.919
Q9UBT2,,268,286,0.817
Q9UBT2,,420,433,0.364
Q9UBT2,,227,246,0.251
P61073,SHSKGHQKRKALKTTVI,227,243,0.82
P61073,KKLR,67,70,0.424
P61073,RPRK,146,149,0.211
Q92835,PKTPVSSQAPVPAKRPIKPSRSE,1106,1128,0.899
Q92835,KKSKDGSEDK,328,337,0.842
Q92835,KTERDESSGPKTLKSL,869,884,0.84
Q92835,KHRPEEGPP,1172,1180,0.786
Q92835,KKLR,548,551,0.46
Q92835,PKPAPRKDQESPKMPRK,1029,1045,0.414
Q92835,KKR,379,381,0.21
Q92835,KKLTTLLCK,210,218,0.164
Q9BWC9,RRRQKQKGGASRRRFGKPKARERQ,151,174,0.919
Q9BWC9,KKVQALKKSKL,260,270,0.822
O43252,RVAAYNKKKKR,561,571,0.827
O43252,RKLAREGQKPP,592,602,0.753
O43252,KKARAGEIKGFT,175,186,0.376
O43252,RKEERCAR,347,354,0.2
Q9H6P5,KKRRQSSEK,217,225,0.872
Q9H6P5,SLAAFKRNKRKLELAE,192,207,0.84
Q9H6P5,KHVCKRACQKAIEK,62,75,0.335
